date,factory,product_line,defect_count,batch_size,defect_reason
13-03-2023,Factory E,Commercial-Pro,,150.0,
13-03-2023,Factory A,PW-4000,3,100.0,Human Error
2023-02-01,factory_e,,2,,ASSEMBLY ERROR
2022-11-14,Factory C,Industrial-X,17,257.0,Assembly Error
2022/04/07,Factory B,Commercial-Pro,15,149.0,
2022/10/20,Factory C,PW-3000,31,142.0,Material Defect
12/19/2022,FAC-C,Industrial-X,33,60.0,material defect
2023/04/21,FACTORY D,,13,218.0,
04/06/2023,Factory A,,7,296.0,
2023-04-04,FACTORY A,PW-2000,10,110.0,Machine Malfunction
2022-11-25,Factory D,Commercial-Pro,6,135.0,ASSEMBLY ERROR
2023/11/10,FAC-E,PW-4000,6,283.0,Human Error
2023-08-01,FAC-C,,22,254.0,Machine Malfunction
03/04/2022,Factory B,,5,220.0,Quality Control Failure
,Factory E,PW-4000,10,260.0,material defect
01/22/2023,Factory D,PW-2000,14,292.0,Supplier Issue
2022/01/11,Factory B,Industrial-X,10,179.0,Machine Malfunction
01/24/2022,Factory D,,33,103.0,Supplier Issue
01-05-2022,Factory A,PW-3000,10,229.0,Assembly Error
2023-10-02,Factory D,PW-4000,8,132.0,Human Error
07/25/2023,Factory A,PW-2000,14,298.0,Human Error
2023/02/01,fac_b,Industrial-X,3,205.0,Material Defect
07-01-2023,fac_b,PW-2000,11,269.0,Machine Malfunction
04-11-2022,Factory D,PW-3000,37,143.0,ASSEMBLY ERROR
25-05-2022,Factory E,PW-3000,14,265.0,Assembly Error
2022-10-12,Factory E,Industrial-X,11,251.0,
02/09/2023,Factory E,Industrial-X,9,62.0,material defect
21-11-2023,Factory C,PW-2000,39,,material defect
06-10-2022,factory_e,PW-4000,8,163.0,material defect
30-11-2022,Factory C,,35,135.0,ASSEMBLY ERROR
05/24/2022,Factory B,PW-2000,15,251.0,Material Defect
18-01-2023,Factory E,PW-2000,3,95.0,Quality Control Failure
2022-07-16,FACTORY D,PW-4000,15,248.0,Machine Malfunction
2023-02-20,Factory C,,21,109.0,material defect
12/02/2023,FAC-E,Industrial-X,5,216.0,Supplier Issue
2023/12/22,Factory E,PW-2000,4,173.0,Assembly Error
05/23/2022,FACTORY D,,31,158.0,Supplier Issue
12-10-2023,Factory D,PW-3000,35,101.0,ASSEMBLY ERROR
12/01/2023,factory_c,Industrial-X,,125.0,Machine Malfunction
2023-07-20,FAC-C,Commercial-Pro,25,295.0,material defect
2022/09/23,factory_b,Commercial-Pro,7,138.0,material defect
2022/01/23,Factory C,PW-4000,24,154.0,Quality Control Failure
2022/09/17,FAC-B,,3,60.0,Assembly Error
2022-12-23,FACTORY D,PW-2000,24,210.0,Assembly Error
2022-10-19,Factory C,PW-2000,35,221.0,ASSEMBLY ERROR
2022-05-15,FAC-B,PW-4000,1,273.0,
2022-01-04,factory_e,PW-4000,14,118.0,
02-03-2022,FACTORY A,PW-4000,10,275.0,Supplier Issue
09/09/2023,Factory C,PW-2000,12,285.0,material defect
2022-01-31,Factory E,Commercial-Pro,6,57.0,Supplier Issue
05-02-2023,Factory B,,14,251.0,Quality Control Failure
2023-06-29,FAC-C,PW-4000,35,249.0,Machine Malfunction
13-12-2022,FAC-A,PW-4000,10,60.0,material defect
2022/10/15,Factory C,Industrial-X,6,169.0,material defect
2023/02/10,Factory C,Commercial-Pro,7,,material defect
11/05/2022,factory_c,Industrial-X,13,134.0,Human Error
02/03/2022,Factory E,PW-3000,13,130.0,Quality Control Failure
12/04/2022,Factory D,PW-4000,24,164.0,material defect
07/25/2023,Factory A,PW-4000,1,211.0,material defect
2022-04-01,factory_c,PW-4000,34,127.0,material defect
2022/12/30,Factory B,Commercial-Pro,14,294.0,
2023-06-26,FAC-C,PW-3000,30,202.0,
2022/07/02,factory_c,PW-2000,39,78.0,Assembly Error
2023-12-26,FAC-E,PW-2000,13,254.0,Machine Malfunction
02/06/2022,FAC-C,,33,244.0,Machine Malfunction
13-11-2022,Factory D,,13,95.0,ASSEMBLY ERROR
05/06/2023,factory_e,Industrial-X,7,272.0,
2022/06/09,FACTORY D,,8,287.0,Supplier Issue
2022-02-06,Factory C,PW-2000,29,135.0,Supplier Issue
03/26/2022,Factory E,PW-2000,11,91.0,ASSEMBLY ERROR
2023/10/27,factory_e,PW-2000,10,87.0,Material Defect
2023/06/04,factory_e,PW-4000,2,273.0,Material Defect
2023-05-28,Factory C,PW-4000,18,141.0,Quality Control Failure
2023-02-02,Factory B,Commercial-Pro,10,262.0,Quality Control Failure
03/21/2023,fac_b,,12,252.0,ASSEMBLY ERROR
2023-09-22,FAC-A,,6,93.0,Supplier Issue
11/06/2023,Factory A,Commercial-Pro,9,101.0,Machine Malfunction
2023/12/25,FACTORY D,Industrial-X,32,231.0,Machine Malfunction
08/14/2022,Factory D,Industrial-X,28,66.0,ASSEMBLY ERROR
10/23/2023,Factory E,PW-4000,10,262.0,Human Error
09-06-2023,FAC-B,PW-4000,,246.0,Human Error
27-08-2022,,,11,54.0,Material Defect
01/12/2022,Factory A,PW-3000,8,76.0,Assembly Error
2023/12/13,factory_a,PW-3000,6,263.0,Human Error
10-12-2022,Factory B,Commercial-Pro,,237.0,Machine Malfunction
2023-11-11,factory_e,Industrial-X,2,116.0,Quality Control Failure
2022/03/13,Factory E,PW-3000,11,105.0,Human Error
07-11-2022,Factory E,,6,61.0,Quality Control Failure
07/09/2023,factory_c,PW-3000,39,277.0,
2023/11/25,factory_d,PW-4000,33,184.0,Supplier Issue
26-12-2022,Factory D,PW-2000,10,80.0,material defect
05/10/2023,fac_b,PW-4000,7,142.0,Assembly Error
12/21/2022,Factory C,PW-2000,32,134.0,Human Error
30-01-2023,Factory C,Commercial-Pro,27,230.0,Human Error
29-11-2023,factory_a,Commercial-Pro,14,283.0,Material Defect
05/26/2023,factory_c,PW-4000,16,132.0,Machine Malfunction
2022/09/07,factory_e,Commercial-Pro,2,129.0,Quality Control Failure
2022-06-20,fac_b,Commercial-Pro,14,187.0,ASSEMBLY ERROR
,Factory C,PW-2000,37,62.0,Machine Malfunction
,Factory C,PW-4000,40,284.0,Human Error
2022/03/23,Factory C,,39,258.0,material defect
2022/05/31,Factory E,Industrial-X,2,140.0,Machine Malfunction
29-08-2022,Factory D,Industrial-X,31,76.0,Machine Malfunction
21-06-2022,Factory A,PW-3000,7,299.0,material defect
2023-09-05,factory_b,PW-3000,2,167.0,Quality Control Failure
2022/08/13,Factory C,PW-4000,33,128.0,Human Error
2022-09-13,Factory C,PW-4000,21,136.0,Supplier Issue
2022-01-08,Factory E,Commercial-Pro,13,287.0,Supplier Issue
2023-01-24,Factory D,PW-2000,33,229.0,Material Defect
06-01-2023,Factory C,PW-2000,34,105.0,Supplier Issue
20-02-2022,FACTORY D,PW-4000,8,136.0,Quality Control Failure
03/28/2023,Factory E,PW-2000,1,72.0,Machine Malfunction
2023-06-07,FACTORY A,PW-3000,6,243.0,ASSEMBLY ERROR
05/01/2022,FAC-C,PW-3000,39,120.0,Assembly Error
27-06-2022,,PW-2000,4,226.0,Machine Malfunction
2023/08/09,FACTORY A,Industrial-X,3,217.0,ASSEMBLY ERROR
11/15/2023,FAC-B,PW-3000,1,261.0,
14-10-2022,factory_a,PW-2000,10,140.0,Material Defect
10-04-2023,factory_d,PW-4000,31,67.0,material defect
2022-09-19,factory_a,,3,170.0,ASSEMBLY ERROR
2022-08-29,,PW-3000,17,244.0,
2023-09-21,FAC-E,Commercial-Pro,6,211.0,Human Error
05/08/2023,factory_e,PW-2000,3,96.0,material defect
07/06/2022,,Commercial-Pro,1,197.0,material defect
2022-06-28,Factory D,Industrial-X,,235.0,Quality Control Failure
2022-12-10,Factory C,PW-2000,14,250.0,Machine Malfunction
08-05-2023,factory_e,PW-4000,7,59.0,Assembly Error
09/13/2023,Factory C,PW-3000,30,180.0,Material Defect
2022/10/03,FAC-C,PW-2000,18,133.0,Assembly Error
09/04/2023,Factory A,Commercial-Pro,5,205.0,Material Defect
2023-12-01,FAC-D,Industrial-X,12,292.0,Human Error
2023-04-05,Factory A,PW-4000,11,136.0,Assembly Error
2022/11/05,Factory A,PW-3000,5,271.0,Quality Control Failure
2022/09/23,FAC-B,Industrial-X,13,252.0,Supplier Issue
2023-05-29,Factory A,Commercial-Pro,5,85.0,Material Defect
16-04-2022,Factory E,,6,248.0,Assembly Error
12/20/2023,FACTORY A,PW-4000,2,227.0,Quality Control Failure
2023/08/10,FACTORY D,PW-2000,8,59.0,
01-02-2023,FAC-A,Commercial-Pro,1,269.0,material defect
2023-12-31,Factory D,Commercial-Pro,,257.0,Human Error
2022/12/26,Factory C,,14,251.0,ASSEMBLY ERROR
2023-04-25,Factory E,PW-3000,15,284.0,Machine Malfunction
2022-11-10,FAC-B,Industrial-X,8,198.0,Human Error
2023-03-23,,Commercial-Pro,4,124.0,Material Defect
09/11/2023,Factory E,,6,83.0,Quality Control Failure
13-09-2022,Factory D,PW-3000,18,267.0,Machine Malfunction
2022/12/02,Factory E,Industrial-X,1,276.0,Human Error
12-01-2023,Factory D,PW-3000,9,86.0,
03/24/2022,Factory C,,,64.0,Machine Malfunction
,Factory B,PW-3000,6,256.0,Quality Control Failure
,FAC-A,PW-2000,12,275.0,Material Defect
2022/03/03,Factory C,Commercial-Pro,18,131.0,Assembly Error
11/09/2023,Factory E,Commercial-Pro,4,86.0,material defect
,FACTORY A,PW-4000,7,251.0,Quality Control Failure
2022-04-23,factory_c,PW-3000,35,138.0,
08-01-2023,fac_b,Commercial-Pro,5,174.0,
2023-07-23,Factory E,PW-2000,10,256.0,
2023/04/11,FAC-C,,38,104.0,Assembly Error
12-09-2023,Factory C,PW-2000,10,154.0,Human Error
2022-08-22,Factory C,PW-4000,26,100.0,Human Error
2022-08-14,FACTORY A,PW-3000,5,186.0,
11/04/2022,factory_a,,14,120.0,Supplier Issue
10/08/2023,Factory B,PW-4000,7,245.0,Material Defect
01/10/2023,Factory B,PW-3000,1,175.0,Machine Malfunction
23-05-2023,factory_d,Commercial-Pro,13,184.0,Material Defect
2023/04/25,FAC-E,Industrial-X,1,243.0,Machine Malfunction
02/03/2022,FACTORY A,Industrial-X,9,84.0,Human Error
07-10-2022,Factory E,Commercial-Pro,8,255.0,Quality Control Failure
05-04-2023,factory_c,,32,286.0,Supplier Issue
03/03/2023,Factory E,,5,294.0,Assembly Error
05-10-2022,Factory C,PW-2000,14,,material defect
08/22/2023,Factory B,,11,150.0,Machine Malfunction
07-10-2022,FAC-D,PW-3000,,239.0,Quality Control Failure
09/16/2023,Factory E,PW-4000,11,54.0,Material Defect
2022-12-17,Factory D,PW-3000,14,158.0,Quality Control Failure
21-06-2022,Factory A,PW-3000,7,299.0,material defect
2023-12-26,FAC-C,PW-2000,34,129.0,ASSEMBLY ERROR
2023/01/09,Factory A,Commercial-Pro,12,206.0,Human Error
06/28/2023,Factory A,PW-2000,9,179.0,ASSEMBLY ERROR
06/02/2022,Factory C,,8,97.0,Quality Control Failure
2022/08/26,Factory D,PW-2000,39,144.0,Human Error
2022/10/30,,PW-2000,2,80.0,Human Error
2023/05/18,Factory B,PW-3000,6,65.0,Supplier Issue
11-09-2023,FAC-B,PW-4000,5,96.0,Assembly Error
2022/07/10,Factory D,PW-2000,34,57.0,
16-08-2022,Factory A,PW-4000,13,226.0,Material Defect
22-06-2022,Factory E,Commercial-Pro,2,113.0,Quality Control Failure
06/29/2023,,Commercial-Pro,5,152.0,Material Defect
02-06-2023,factory_a,Commercial-Pro,6,112.0,
30-01-2023,Factory C,Industrial-X,25,222.0,
2023/07/27,Factory D,PW-2000,21,79.0,Material Defect
2023-02-15,Factory D,PW-4000,8,134.0,Material Defect
01/25/2023,fac_b,PW-2000,10,53.0,Material Defect
2023-02-20,factory_c,PW-4000,15,271.0,Quality Control Failure
10/29/2023,Factory C,PW-2000,15,215.0,Quality Control Failure
16-07-2023,Factory D,PW-4000,19,54.0,Assembly Error
,factory_d,PW-4000,31,80.0,material defect
04/02/2023,Factory C,PW-2000,5,254.0,ASSEMBLY ERROR
26-02-2022,Factory A,PW-4000,2,259.0,
2022/12/29,Factory B,PW-4000,14,258.0,
2023/09/06,factory_a,Industrial-X,12,110.0,Machine Malfunction
2022/12/12,Factory C,PW-2000,22,141.0,Human Error
2023/08/27,Factory B,Commercial-Pro,15,108.0,material defect
2022-06-16,FAC-A,PW-4000,12,134.0,
08/14/2022,Factory D,Industrial-X,28,66.0,ASSEMBLY ERROR
2023-07-31,fac_b,,13,253.0,Material Defect
08-10-2023,FAC-C,PW-3000,13,61.0,
09/18/2023,fac_b,PW-3000,9,84.0,Human Error
2023-02-02,Factory D,Industrial-X,11,275.0,
01/27/2022,factory_d,PW-3000,13,201.0,Material Defect
2023/11/15,Factory B,PW-4000,6,262.0,Assembly Error
10/17/2022,Factory D,PW-3000,27,271.0,Supplier Issue
08/04/2022,Factory B,PW-2000,6,157.0,Quality Control Failure
13-09-2022,fac_b,PW-3000,,122.0,material defect
2022-06-12,Factory E,,15,178.0,material defect
2023-04-15,factory_b,PW-3000,,113.0,Quality Control Failure
2023-02-21,Factory E,PW-2000,14,193.0,Assembly Error
2023/04/28,Factory A,Industrial-X,12,252.0,material defect
22-02-2022,FAC-E,PW-3000,3,298.0,Human Error
08/15/2022,Factory B,,,57.0,Machine Malfunction
06/06/2023,Factory D,Industrial-X,26,69.0,material defect
12-09-2023,FAC-D,PW-3000,33,208.0,Quality Control Failure
05/30/2023,FACTORY D,PW-3000,9,213.0,Human Error
29-06-2022,factory_b,Commercial-Pro,5,73.0,Human Error
2022-08-21,Factory D,PW-3000,36,282.0,
,Factory B,PW-4000,10,146.0,
2023-01-08,Factory D,PW-4000,6,58.0,material defect
2023-05-03,Factory E,PW-4000,15,158.0,Machine Malfunction
15-12-2022,FACTORY A,PW-3000,14,,
09/30/2022,FAC-B,,1,54.0,Quality Control Failure
2023-02-16,Factory C,Industrial-X,18,143.0,Machine Malfunction
2023/12/02,factory_e,Industrial-X,15,287.0,material defect
2023/07/29,factory_a,Industrial-X,15,84.0,Machine Malfunction
2023-07-20,Factory C,PW-3000,28,196.0,Quality Control Failure
2023-02-28,FACTORY A,PW-2000,11,216.0,Machine Malfunction
2023/09/20,FACTORY A,,,244.0,Material Defect
2023/08/28,FAC-B,PW-2000,10,,material defect
2022-07-07,FACTORY A,Commercial-Pro,4,,material defect
2023-04-28,FAC-B,Industrial-X,10,271.0,ASSEMBLY ERROR
2023-06-03,Factory A,PW-4000,,120.0,Human Error
2022/02/15,Factory A,PW-2000,1,177.0,Material Defect
2023/03/23,Factory A,PW-3000,7,274.0,material defect
2023-04-02,FAC-C,Commercial-Pro,14,108.0,Supplier Issue
01/14/2023,factory_d,Industrial-X,27,128.0,Machine Malfunction
,Factory A,,7,263.0,ASSEMBLY ERROR
2023/09/19,Factory E,PW-2000,8,288.0,
13-08-2022,FAC-D,PW-4000,6,295.0,Material Defect
2022-03-18,Factory B,PW-3000,5,219.0,Supplier Issue
2023/06/25,factory_a,PW-3000,6,97.0,Supplier Issue
03/11/2022,Factory E,PW-3000,10,,Supplier Issue
2022-01-05,Factory C,PW-4000,29,54.0,Supplier Issue
28-04-2023,Factory D,,10,272.0,Assembly Error
2022-05-11,Factory D,PW-3000,28,65.0,Human Error
09-01-2022,FACTORY D,Commercial-Pro,20,195.0,Assembly Error
05/08/2023,FACTORY D,Industrial-X,35,254.0,Machine Malfunction
28-02-2022,Factory C,PW-4000,27,68.0,Assembly Error
2022/05/15,Factory D,PW-2000,5,71.0,
2022/12/27,FACTORY D,PW-2000,31,97.0,
06-10-2022,factory_d,Commercial-Pro,36,63.0,Quality Control Failure
2023/08/17,Factory A,,1,115.0,material defect
2022-11-22,Factory A,PW-3000,3,163.0,ASSEMBLY ERROR
2022-09-19,FACTORY D,Industrial-X,39,121.0,
2023-03-18,Factory C,PW-2000,38,270.0,Material Defect
12/04/2022,Factory D,PW-4000,24,164.0,material defect
2023/04/11,Factory B,,4,296.0,Machine Malfunction
2023/01/16,factory_d,Commercial-Pro,13,228.0,Supplier Issue
12-04-2023,Factory E,Industrial-X,11,163.0,Quality Control Failure
03-02-2023,factory_e,Industrial-X,1,292.0,Machine Malfunction
05-06-2022,factory_a,PW-3000,1,260.0,Quality Control Failure
2023-11-30,FACTORY A,PW-3000,5,,
07/28/2022,Factory C,,18,242.0,
08-06-2023,Factory E,PW-3000,15,84.0,Supplier Issue
03-12-2022,Factory D,PW-4000,7,116.0,Machine Malfunction
02/15/2023,Factory A,PW-4000,11,297.0,material defect
02/01/2022,Factory C,Industrial-X,21,66.0,Supplier Issue
09/26/2022,FAC-A,,10,83.0,Quality Control Failure
2023/01/15,Factory B,PW-2000,10,169.0,Material Defect
2023/09/04,FAC-B,Industrial-X,9,82.0,Material Defect
2022-07-04,Factory E,,4,143.0,ASSEMBLY ERROR
05/15/2022,Factory E,Commercial-Pro,1,127.0,Machine Malfunction
08/20/2022,factory_a,,4,119.0,material defect
2023-03-31,,Industrial-X,17,90.0,Supplier Issue
2023-06-07,FACTORY A,PW-3000,3,178.0,material defect
2023-08-03,Factory E,,1,230.0,Assembly Error
2022-12-08,Factory D,PW-4000,35,89.0,Human Error
10-01-2023,Factory C,,18,74.0,Supplier Issue
05-10-2023,Factory B,Commercial-Pro,8,62.0,ASSEMBLY ERROR
2022-05-28,Factory A,PW-4000,5,220.0,material defect
2022-06-01,Factory B,PW-2000,6,87.0,
2023-07-06,Factory C,PW-3000,40,280.0,Assembly Error
,Factory D,PW-2000,13,,Human Error
27-12-2022,,Industrial-X,37,62.0,material defect
2023-12-17,Factory A,PW-3000,10,119.0,
2023/11/08,factory_a,Commercial-Pro,10,235.0,Material Defect
03-01-2022,FAC-E,PW-4000,3,240.0,material defect
08/29/2023,Factory D,PW-3000,39,88.0,Assembly Error
2022-02-02,,PW-2000,5,270.0,Human Error
04/09/2023,factory_e,PW-4000,13,151.0,Quality Control Failure
2023/02/05,FAC-C,PW-3000,28,280.0,ASSEMBLY ERROR
10-02-2022,Factory E,PW-4000,4,124.0,
2023-04-25,Factory E,PW-3000,15,284.0,Machine Malfunction
2023/11/12,Factory B,PW-2000,3,164.0,Assembly Error
2022-09-10,Factory C,PW-3000,18,254.0,Assembly Error
2022-07-06,Factory D,Industrial-X,18,218.0,
10/12/2022,FAC-D,PW-4000,16,,
2023-02-19,FACTORY A,PW-3000,14,190.0,Quality Control Failure
2023-10-29,Factory E,Industrial-X,14,247.0,Machine Malfunction
2022/01/10,Factory D,PW-3000,19,51.0,Human Error
06/26/2022,Factory D,Commercial-Pro,29,273.0,material defect
2023/01/17,FAC-C,PW-4000,19,115.0,
2022/12/16,Factory A,PW-2000,9,193.0,
2023/03/21,Factory D,Industrial-X,31,111.0,material defect
2023/11/24,Factory B,PW-4000,2,289.0,
2023/09/13,factory_c,Industrial-X,35,86.0,Assembly Error
2022/05/03,Factory B,PW-2000,9,89.0,Supplier Issue
2023-07-11,factory_a,Industrial-X,12,53.0,Quality Control Failure
20-01-2022,Factory C,,29,75.0,ASSEMBLY ERROR
14-08-2023,factory_b,Industrial-X,13,252.0,
,factory_b,PW-3000,4,267.0,Material Defect
2022-03-16,FAC-E,PW-4000,15,234.0,Quality Control Failure
2023-06-28,fac_b,PW-2000,15,214.0,Human Error
2022/04/30,FAC-C,,21,131.0,Human Error
2023-08-28,Factory E,,8,242.0,Quality Control Failure
09/20/2022,factory_c,Commercial-Pro,32,169.0,Material Defect
07/29/2022,Factory C,Commercial-Pro,21,235.0,Supplier Issue
2023/05/23,Factory A,,12,192.0,Machine Malfunction
2022-03-22,Factory C,Industrial-X,27,103.0,
02/22/2023,Factory A,PW-3000,3,99.0,
2022/10/02,fac_b,,9,100.0,Machine Malfunction
11/15/2022,FAC-C,PW-4000,14,185.0,ASSEMBLY ERROR
2022-09-23,Factory A,Industrial-X,4,137.0,Quality Control Failure
2022/08/10,Factory D,Industrial-X,32,300.0,ASSEMBLY ERROR
2023-03-29,Factory A,,10,248.0,Machine Malfunction
12/18/2022,factory_c,PW-2000,28,54.0,Machine Malfunction
04/17/2023,factory_b,PW-3000,12,86.0,Human Error
10/06/2022,FAC-D,Commercial-Pro,31,161.0,Supplier Issue
04/19/2022,factory_c,Industrial-X,12,241.0,Assembly Error
,factory_b,PW-4000,1,268.0,material defect
04/13/2022,Factory E,Commercial-Pro,6,236.0,Material Defect
2023-04-13,FAC-B,,13,216.0,Quality Control Failure
11/15/2022,FAC-B,Commercial-Pro,5,241.0,Material Defect
30-04-2022,FAC-D,Commercial-Pro,31,95.0,material defect
2022-11-16,Factory B,Industrial-X,14,51.0,Assembly Error
2022-02-22,Factory E,PW-4000,11,170.0,Material Defect
2023/04/19,Factory D,,22,94.0,Machine Malfunction
2023/05/04,Factory E,PW-2000,14,298.0,material defect
2023/04/23,FAC-D,PW-4000,25,216.0,material defect
2022/12/20,Factory D,,20,199.0,Machine Malfunction
13-10-2023,Factory E,Commercial-Pro,13,152.0,ASSEMBLY ERROR
2022/05/12,FAC-D,,37,90.0,Material Defect
05/29/2022,Factory B,,6,205.0,Human Error
2023-08-25,Factory B,PW-2000,12,286.0,material defect
06/23/2023,Factory D,PW-2000,19,140.0,Assembly Error
2022-01-23,Factory C,PW-4000,33,199.0,Quality Control Failure
2023-10-03,Factory B,Industrial-X,12,249.0,
2023/04/12,Factory E,Industrial-X,4,289.0,Supplier Issue
08/22/2022,Factory D,PW-2000,40,140.0,Material Defect
23-01-2023,FAC-C,,10,145.0,Supplier Issue
11-03-2023,FAC-B,PW-4000,2,81.0,Machine Malfunction
2023/03/10,Factory A,PW-4000,4,212.0,material defect
2022-07-11,Factory E,Industrial-X,11,70.0,Material Defect
2022-05-31,Factory D,PW-3000,9,294.0,material defect
2023-08-10,,Industrial-X,15,130.0,ASSEMBLY ERROR
2023/03/09,Factory E,PW-3000,12,251.0,Machine Malfunction
02/17/2022,factory_e,PW-3000,4,232.0,ASSEMBLY ERROR
30-07-2022,Factory A,Commercial-Pro,13,212.0,Quality Control Failure
10/07/2022,Factory C,,29,200.0,
02/24/2023,FACTORY A,Commercial-Pro,,222.0,Assembly Error
2023/02/17,,PW-2000,38,84.0,Material Defect
22-01-2023,Factory D,Industrial-X,9,236.0,Material Defect
2022-09-03,FACTORY A,PW-2000,11,112.0,Material Defect
2022/11/30,factory_c,,26,136.0,Material Defect
16-06-2022,FAC-B,PW-4000,7,138.0,
27-07-2022,FAC-A,,2,,Human Error
2022-02-13,FAC-C,Commercial-Pro,34,102.0,ASSEMBLY ERROR
04/11/2022,Factory B,PW-3000,4,189.0,material defect
2023-01-10,factory_e,Commercial-Pro,8,230.0,Quality Control Failure
2023-02-23,FAC-E,PW-4000,8,239.0,ASSEMBLY ERROR
2023-10-22,factory_d,Industrial-X,8,130.0,material defect
2022-03-21,,PW-2000,39,271.0,Quality Control Failure
2022-12-13,factory_d,,10,88.0,Supplier Issue
2022/01/30,FACTORY A,Industrial-X,3,210.0,Material Defect
2022-03-13,Factory E,,10,147.0,Material Defect
31-10-2022,Factory D,PW-4000,25,156.0,Supplier Issue
2022-06-13,FAC-E,Commercial-Pro,3,50.0,Human Error
2022-08-14,FACTORY A,PW-3000,5,186.0,
17-04-2023,factory_e,,6,206.0,
2023-01-27,Factory B,PW-3000,1,70.0,Machine Malfunction
08/20/2022,factory_a,,4,119.0,material defect
2022-06-16,Factory E,PW-2000,7,121.0,Assembly Error
2023-04-11,Factory E,,3,75.0,material defect
2022-07-02,Factory B,PW-4000,9,159.0,Human Error
09-07-2022,Factory A,,9,74.0,Human Error
30-08-2023,FAC-D,PW-4000,39,,Supplier Issue
03/11/2023,FACTORY D,PW-4000,37,206.0,Quality Control Failure
2022-01-05,Factory D,PW-3000,8,170.0,Assembly Error
2022-05-17,Factory D,PW-4000,28,153.0,material defect
2023-11-24,Factory B,,11,61.0,material defect
2023-02-01,Factory A,,9,81.0,Supplier Issue
12/17/2023,FAC-A,PW-4000,11,254.0,Human Error
25-04-2022,Factory B,PW-4000,12,203.0,Supplier Issue
2022-04-06,FAC-C,PW-2000,8,180.0,Human Error
2023-08-20,Factory A,,13,297.0,Quality Control Failure
,FAC-A,PW-2000,2,115.0,Quality Control Failure
28-06-2023,Factory B,Industrial-X,8,287.0,Human Error
03/26/2022,Factory E,PW-2000,11,91.0,ASSEMBLY ERROR
2022/02/28,Factory E,PW-4000,6,91.0,Quality Control Failure
05/22/2023,fac_b,PW-2000,14,69.0,Human Error
2022/03/26,FAC-B,Industrial-X,9,284.0,material defect
2022-01-17,FACTORY A,Industrial-X,13,181.0,Supplier Issue
25-06-2023,Factory A,,4,58.0,ASSEMBLY ERROR
13-05-2023,Factory D,PW-2000,,99.0,Machine Malfunction
01-07-2023,Factory E,,7,61.0,ASSEMBLY ERROR
2023-03-31,Factory D,,39,156.0,Supplier Issue
08/09/2023,Factory C,,13,61.0,Machine Malfunction
09/06/2023,Factory D,PW-2000,32,,Assembly Error
12/06/2022,Factory E,Commercial-Pro,13,164.0,ASSEMBLY ERROR
10-11-2023,Factory D,Commercial-Pro,23,116.0,Quality Control Failure
05/05/2023,FAC-D,PW-3000,31,82.0,ASSEMBLY ERROR
05-12-2023,fac_b,PW-2000,11,126.0,Machine Malfunction
02/16/2022,factory_e,PW-3000,8,64.0,ASSEMBLY ERROR
2022/01/22,FAC-C,PW-2000,37,282.0,Machine Malfunction
2023-11-03,,PW-3000,4,281.0,material defect
2022-05-25,Factory B,,15,122.0,Human Error
02/16/2022,,PW-4000,6,,ASSEMBLY ERROR
12/10/2022,,PW-4000,11,226.0,Assembly Error
2023/08/29,Factory C,PW-2000,10,236.0,Quality Control Failure
2023-05-22,Factory B,PW-3000,,206.0,ASSEMBLY ERROR
2022/05/01,factory_b,PW-2000,3,92.0,material defect
2023-02-17,Factory B,Industrial-X,5,162.0,Assembly Error
2022-02-09,Factory B,PW-4000,11,217.0,Material Defect
17-03-2023,Factory B,,2,240.0,Quality Control Failure
10/06/2023,FAC-C,PW-4000,20,120.0,Material Defect
04/19/2023,FAC-C,,21,272.0,Quality Control Failure
07/07/2023,Factory A,PW-2000,15,217.0,Machine Malfunction
2023/01/08,factory_e,,4,170.0,Assembly Error
2023/07/15,Factory D,Industrial-X,5,145.0,Assembly Error
2023-01-22,Factory B,PW-3000,8,167.0,ASSEMBLY ERROR
18-08-2023,Factory B,Industrial-X,14,287.0,Machine Malfunction
11-09-2023,Factory D,PW-4000,10,199.0,Human Error
2023/02/01,Factory E,Commercial-Pro,3,92.0,Quality Control Failure
08/11/2022,Factory D,Industrial-X,20,204.0,Machine Malfunction
2023/01/19,Factory D,PW-3000,5,235.0,ASSEMBLY ERROR
09-05-2023,FAC-E,PW-4000,4,252.0,Supplier Issue
2023-11-07,factory_c,PW-3000,32,247.0,Material Defect
2023/10/06,Factory C,PW-3000,21,193.0,Supplier Issue
16-12-2023,Factory D,PW-4000,32,245.0,ASSEMBLY ERROR
2023/08/25,factory_e,,8,282.0,Human Error
2023/11/13,Factory D,Commercial-Pro,13,64.0,ASSEMBLY ERROR
2022/09/03,Factory C,Industrial-X,35,149.0,Supplier Issue
09/02/2022,factory_c,Industrial-X,14,61.0,Quality Control Failure
12/20/2022,factory_b,PW-3000,7,206.0,ASSEMBLY ERROR
2022/02/28,Factory E,PW-4000,6,91.0,Quality Control Failure
16-01-2023,FACTORY A,PW-4000,2,245.0,material defect
16-07-2023,fac_b,PW-2000,15,194.0,Assembly Error
2022/06/07,Factory C,PW-3000,,261.0,Supplier Issue
04/18/2022,Factory B,Industrial-X,6,269.0,material defect
22-03-2023,Factory D,,29,284.0,
10/17/2023,,PW-2000,6,184.0,
07/21/2022,Factory A,PW-2000,7,211.0,Assembly Error
2023-09-11,Factory D,PW-3000,19,113.0,Quality Control Failure
20-04-2023,FAC-D,Commercial-Pro,33,230.0,Material Defect
07-06-2022,Factory C,,7,106.0,Material Defect
09-03-2023,Factory B,PW-3000,6,202.0,Quality Control Failure
27-09-2022,FAC-E,Commercial-Pro,5,,Material Defect
24-08-2022,Factory A,Commercial-Pro,11,235.0,Supplier Issue
2023/04/19,Factory C,,38,176.0,material defect
07-06-2023,Factory B,PW-3000,8,84.0,
2023/01/12,FAC-E,PW-2000,9,293.0,Supplier Issue
21-08-2023,Factory E,PW-4000,9,147.0,material defect
2022-06-03,FACTORY D,,15,285.0,
10-03-2022,Factory D,Industrial-X,27,268.0,Material Defect
2023-08-16,Factory A,Industrial-X,1,131.0,Supplier Issue
2023-03-15,factory_e,,13,51.0,ASSEMBLY ERROR
08/10/2022,,Industrial-X,29,191.0,Human Error
04/12/2023,Factory A,,,169.0,Supplier Issue
08-08-2023,,,22,178.0,Quality Control Failure
12-12-2022,FACTORY A,Industrial-X,13,175.0,Human Error
2022/10/28,factory_b,PW-3000,13,,Material Defect
2023/12/15,FAC-A,PW-4000,15,126.0,material defect
,factory_b,Commercial-Pro,2,174.0,material defect
2023-12-18,factory_d,,18,96.0,
,Factory D,PW-3000,25,186.0,Supplier Issue
2022-10-14,Factory B,PW-2000,4,214.0,Quality Control Failure
16-03-2023,FACTORY D,Industrial-X,37,127.0,Machine Malfunction
2023-06-02,Factory B,Industrial-X,15,173.0,Machine Malfunction
2023/12/29,Factory E,Commercial-Pro,11,210.0,Material Defect
2022/04/23,FAC-E,PW-3000,3,259.0,Human Error
03/27/2023,factory_d,PW-4000,14,189.0,Machine Malfunction
11/04/2022,Factory A,PW-2000,3,269.0,Material Defect
2023-12-14,factory_e,Commercial-Pro,11,128.0,Machine Malfunction
03-02-2023,,,2,93.0,Material Defect
2022-02-16,Factory E,PW-2000,6,238.0,Human Error
11/06/2022,Factory A,PW-2000,9,121.0,
2022-02-19,FAC-D,Commercial-Pro,26,241.0,Machine Malfunction
11/17/2022,factory_b,,3,282.0,Quality Control Failure
2023/10/17,Factory A,PW-3000,4,55.0,material defect
07/31/2023,Factory A,Commercial-Pro,12,195.0,material defect
04/25/2022,Factory B,PW-3000,14,159.0,Assembly Error
10-03-2023,,PW-2000,14,63.0,ASSEMBLY ERROR
30-09-2022,FACTORY D,PW-4000,11,150.0,Machine Malfunction
2023/01/05,Factory B,Industrial-X,9,108.0,material defect
,Factory C,,24,176.0,Supplier Issue
11-11-2023,Factory D,PW-2000,32,203.0,Assembly Error
08/14/2022,Factory C,PW-2000,9,262.0,Quality Control Failure
26-01-2023,FAC-C,PW-4000,10,297.0,Machine Malfunction
2022-11-15,factory_d,Industrial-X,7,84.0,
,FAC-C,Commercial-Pro,37,116.0,Machine Malfunction
12/26/2022,factory_c,Industrial-X,21,94.0,Supplier Issue
2023/12/31,Factory C,Industrial-X,26,234.0,Human Error
2023/03/30,Factory C,PW-4000,36,,Human Error
2022/11/24,factory_c,Industrial-X,22,96.0,Quality Control Failure
04/14/2022,Factory C,PW-3000,20,107.0,Machine Malfunction
2023/02/25,FACTORY A,PW-4000,8,129.0,Material Defect
2022-05-09,Factory B,PW-2000,11,127.0,ASSEMBLY ERROR
,factory_e,PW-3000,3,176.0,Assembly Error
2023/02/25,FACTORY A,PW-4000,8,129.0,Material Defect
11/22/2023,Factory C,PW-2000,39,123.0,Assembly Error
2023/03/01,Factory B,Industrial-X,4,127.0,Material Defect
2023-10-10,FAC-C,Commercial-Pro,7,224.0,Supplier Issue
2023/05/18,Factory B,PW-3000,6,65.0,Supplier Issue
06-08-2022,Factory C,PW-3000,12,160.0,Supplier Issue
2023/09/30,FACTORY D,PW-3000,22,92.0,Material Defect
2023-07-11,Factory C,PW-2000,31,232.0,Machine Malfunction
06-09-2022,FACTORY D,Commercial-Pro,8,232.0,material defect
14-11-2022,Factory C,PW-4000,28,254.0,Assembly Error
29-05-2023,FAC-C,PW-3000,32,159.0,Supplier Issue
2022-01-30,Factory B,Industrial-X,9,115.0,Human Error
01-02-2022,factory_c,PW-4000,17,274.0,ASSEMBLY ERROR
14-04-2023,fac_b,PW-4000,14,215.0,Human Error
2023-01-11,FAC-C,PW-4000,22,67.0,Quality Control Failure
2023/09/12,FACTORY D,PW-2000,20,270.0,ASSEMBLY ERROR
12/14/2022,Factory C,PW-3000,38,141.0,
2022-01-03,factory_e,PW-4000,15,,Machine Malfunction
09/09/2022,Factory B,Industrial-X,14,55.0,Machine Malfunction
05/12/2022,factory_b,,4,118.0,ASSEMBLY ERROR
2022/05/10,Factory C,PW-4000,10,185.0,Material Defect
2023-04-03,factory_c,Commercial-Pro,25,230.0,
2023/10/30,Factory A,,4,236.0,Human Error
2022/08/06,factory_c,PW-4000,38,284.0,
2023/02/16,Factory C,PW-4000,5,85.0,material defect
2022/07/18,Factory E,PW-3000,3,176.0,
06/06/2022,FACTORY A,Industrial-X,15,277.0,Assembly Error
2022-11-18,Factory C,Industrial-X,33,179.0,Supplier Issue
2023/01/20,FACTORY D,Industrial-X,10,188.0,Machine Malfunction
03-04-2023,Factory D,PW-4000,39,63.0,Quality Control Failure
30-01-2023,FAC-A,Commercial-Pro,4,116.0,Supplier Issue
04-12-2022,Factory D,Industrial-X,23,85.0,Machine Malfunction
2023-01-13,Factory A,PW-4000,9,194.0,Assembly Error
2023/08/23,Factory E,,10,96.0,Supplier Issue
,Factory E,,8,228.0,material defect
2022/06/22,FACTORY D,Industrial-X,38,56.0,Material Defect
19-09-2023,Factory D,PW-4000,29,264.0,material defect
2022-10-07,Factory A,,2,59.0,Assembly Error
2022/04/15,FACTORY A,PW-2000,11,277.0,material defect
2022-10-30,Factory B,Commercial-Pro,13,219.0,Assembly Error
03/06/2022,Factory A,,9,70.0,Human Error
14-07-2022,Factory E,PW-4000,13,203.0,Material Defect
01/16/2022,factory_d,PW-4000,20,87.0,Machine Malfunction
2023-10-18,Factory B,,13,287.0,Quality Control Failure
11-01-2023,Factory C,PW-2000,11,70.0,Machine Malfunction
,fac_b,PW-4000,5,89.0,material defect
2022-09-26,Factory B,Industrial-X,13,79.0,Supplier Issue
2022/01/09,fac_b,Industrial-X,11,166.0,Supplier Issue
2022/01/27,Factory E,Commercial-Pro,15,74.0,Machine Malfunction
2022-02-17,Factory B,PW-3000,2,171.0,Material Defect
2022/09/10,factory_e,Commercial-Pro,8,242.0,ASSEMBLY ERROR
13-10-2022,FACTORY D,PW-2000,6,218.0,Quality Control Failure
03/10/2023,FACTORY A,PW-2000,14,262.0,Human Error
2022/02/18,Factory E,Industrial-X,6,109.0,Human Error
04/03/2022,factory_a,PW-4000,4,285.0,Quality Control Failure
18-03-2023,Factory D,PW-4000,7,231.0,Supplier Issue
03/14/2022,FACTORY A,PW-3000,9,189.0,Human Error
2023-06-30,factory_a,,2,180.0,Material Defect
19-09-2022,Factory C,Industrial-X,21,104.0,ASSEMBLY ERROR
15-09-2022,Factory E,PW-4000,7,279.0,Supplier Issue
2023-10-17,FACTORY D,PW-3000,19,,Quality Control Failure
29-04-2022,factory_b,PW-4000,13,136.0,
2023-11-27,Factory E,Commercial-Pro,13,85.0,ASSEMBLY ERROR
2022/09/13,FAC-B,PW-4000,12,193.0,Human Error
03/25/2023,Factory C,PW-4000,31,130.0,Assembly Error
2023-06-17,Factory E,,1,132.0,Quality Control Failure
2022/09/08,FAC-E,PW-3000,14,51.0,Human Error
01/27/2022,Factory C,PW-3000,15,238.0,Assembly Error
26-05-2023,Factory B,Commercial-Pro,13,265.0,material defect
2022-10-30,Factory B,Commercial-Pro,13,219.0,Assembly Error
09/08/2022,Factory A,PW-3000,8,262.0,Assembly Error
2022/11/18,Factory B,Commercial-Pro,,51.0,Supplier Issue
2022-11-27,Factory C,PW-4000,6,266.0,
2022-05-08,FAC-C,Industrial-X,9,159.0,ASSEMBLY ERROR
23-08-2022,Factory A,,12,106.0,Machine Malfunction
2022/02/11,,PW-2000,34,216.0,ASSEMBLY ERROR
2022/05/20,factory_e,PW-2000,7,291.0,Human Error
2023/08/04,FACTORY D,PW-2000,34,269.0,Human Error
2023/05/20,Factory D,PW-4000,9,115.0,Machine Malfunction
2023/04/18,Factory B,Industrial-X,15,70.0,ASSEMBLY ERROR
2022-07-23,fac_b,PW-2000,7,298.0,Material Defect
05-09-2022,FACTORY D,PW-4000,28,253.0,material defect
09/28/2023,Factory B,PW-3000,14,263.0,ASSEMBLY ERROR
2022-05-17,Factory A,Industrial-X,1,66.0,Machine Malfunction
2022/01/03,FAC-B,,,257.0,Material Defect
2023-03-31,fac_b,PW-3000,7,158.0,Machine Malfunction
03/28/2023,,,13,60.0,
2022/07/10,Factory E,PW-3000,8,158.0,Machine Malfunction
2022/06/13,fac_b,,15,54.0,Supplier Issue
2022/03/05,Factory A,Industrial-X,12,122.0,material defect
2022-07-10,Factory C,PW-4000,14,251.0,ASSEMBLY ERROR
2022-02-05,Factory E,,9,64.0,ASSEMBLY ERROR
2023/10/27,FAC-E,PW-2000,13,231.0,ASSEMBLY ERROR
30-12-2022,FAC-D,,30,295.0,Machine Malfunction
2023-09-11,Factory D,PW-3000,18,171.0,Assembly Error
2023-03-08,Factory A,PW-4000,3,135.0,ASSEMBLY ERROR
2023/05/24,Factory A,PW-2000,8,176.0,Machine Malfunction
2022/10/03,factory_a,Commercial-Pro,,198.0,Supplier Issue
31-01-2023,factory_d,Commercial-Pro,35,300.0,material defect
2022-11-29,FAC-C,PW-4000,39,269.0,Machine Malfunction
01/30/2022,Factory E,PW-3000,12,80.0,ASSEMBLY ERROR
26-01-2022,FACTORY A,,,234.0,material defect
04-02-2023,factory_c,Industrial-X,23,179.0,Supplier Issue
2022-06-22,factory_d,,37,51.0,Supplier Issue
2023/06/04,Factory E,Industrial-X,,234.0,Supplier Issue
27-01-2023,Factory C,PW-3000,5,134.0,Human Error
,Factory D,PW-4000,33,281.0,Assembly Error
2023-02-16,Factory A,PW-3000,15,,Quality Control Failure
01/05/2023,Factory D,PW-2000,27,171.0,
2023/04/27,FAC-B,Commercial-Pro,,120.0,Machine Malfunction
08/12/2023,Factory E,PW-2000,9,272.0,material defect
2022/10/09,Factory E,PW-3000,14,92.0,ASSEMBLY ERROR
03/31/2022,factory_a,Commercial-Pro,,109.0,material defect
16-01-2023,FACTORY D,,22,230.0,Machine Malfunction
09-02-2022,Factory A,Industrial-X,8,249.0,Assembly Error
12-07-2022,,PW-2000,15,192.0,Supplier Issue
06/12/2022,Factory C,PW-4000,34,110.0,Material Defect
2023/04/22,Factory D,Industrial-X,40,297.0,Assembly Error
23-07-2023,FAC-D,Industrial-X,38,79.0,Material Defect
04/05/2023,factory_a,Industrial-X,12,99.0,Assembly Error
11/20/2023,Factory E,Commercial-Pro,12,227.0,Quality Control Failure
08/14/2022,FAC-C,Commercial-Pro,5,,Quality Control Failure
2023/04/08,Factory A,PW-2000,8,159.0,Machine Malfunction
2022/06/26,Factory A,,10,280.0,ASSEMBLY ERROR
07-11-2023,Factory D,Commercial-Pro,14,74.0,material defect
26-03-2022,Factory C,PW-2000,32,176.0,
2022/04/11,Factory A,PW-4000,13,,Machine Malfunction
2022-07-29,Factory A,Commercial-Pro,9,257.0,
02/13/2023,Factory C,PW-3000,20,97.0,Material Defect
03/15/2022,fac_b,PW-2000,6,291.0,Machine Malfunction
01/14/2022,Factory D,,31,,material defect
2023/03/11,Factory B,Industrial-X,9,294.0,
2023-10-20,Factory A,PW-4000,14,266.0,Assembly Error
09/09/2022,FAC-B,Industrial-X,3,88.0,
2023-10-31,FACTORY A,,9,254.0,Supplier Issue
02/14/2023,Factory A,,2,67.0,Material Defect
07-12-2022,FACTORY A,Industrial-X,14,244.0,
2023-04-25,Factory C,Industrial-X,15,270.0,Material Defect
03/02/2022,fac_b,PW-2000,1,57.0,Supplier Issue
30-08-2023,Factory E,PW-4000,2,92.0,Machine Malfunction
30-06-2023,FACTORY A,PW-2000,8,70.0,Material Defect
26-07-2022,Factory C,PW-2000,23,77.0,Supplier Issue
12/01/2023,factory_e,Commercial-Pro,1,81.0,Quality Control Failure
03/09/2022,Factory C,PW-2000,32,105.0,ASSEMBLY ERROR
2022/03/02,,Industrial-X,8,226.0,
2023/11/18,Factory D,PW-3000,10,64.0,Machine Malfunction
2023-04-15,Factory C,Industrial-X,17,295.0,Material Defect
2022/07/06,factory_a,,5,53.0,ASSEMBLY ERROR
04/10/2023,Factory E,Industrial-X,15,89.0,Assembly Error
10/18/2023,factory_c,PW-3000,12,88.0,ASSEMBLY ERROR
12-05-2022,factory_e,PW-3000,5,256.0,Material Defect
01/11/2023,Factory A,Industrial-X,2,280.0,Quality Control Failure
2023/11/13,Factory D,Commercial-Pro,13,64.0,ASSEMBLY ERROR
15-08-2023,Factory C,Commercial-Pro,27,91.0,material defect
,Factory C,,9,66.0,
2022/10/04,Factory E,PW-4000,8,50.0,Quality Control Failure
13-05-2023,factory_c,,33,276.0,ASSEMBLY ERROR
2022/04/07,FAC-D,PW-3000,31,101.0,Quality Control Failure
2023/03/10,Factory C,,33,121.0,ASSEMBLY ERROR
2022/08/12,FAC-E,,,223.0,Assembly Error
02-06-2023,factory_a,Commercial-Pro,6,112.0,
2022-09-15,Factory A,PW-2000,15,189.0,Material Defect
10-12-2022,FAC-D,PW-2000,10,160.0,Machine Malfunction
2023/11/21,Factory A,PW-3000,14,255.0,ASSEMBLY ERROR
2022/06/19,Factory D,PW-4000,9,115.0,Human Error
25-03-2023,FACTORY D,Commercial-Pro,6,52.0,material defect
2022/03/31,FAC-D,PW-2000,,70.0,Machine Malfunction
14-02-2023,factory_e,,11,216.0,Machine Malfunction
2023/11/07,Factory C,Commercial-Pro,15,140.0,material defect
03/26/2023,Factory C,PW-2000,35,285.0,Machine Malfunction
10-08-2023,factory_e,,5,164.0,Human Error
10/13/2023,factory_e,Industrial-X,11,199.0,Assembly Error
2023/09/20,FACTORY A,,,244.0,Material Defect
2022-05-10,FAC-C,,,134.0,Assembly Error
2023-08-02,Factory C,PW-4000,37,,Human Error
07/27/2022,Factory D,Commercial-Pro,7,112.0,Human Error
03/20/2023,FACTORY A,Commercial-Pro,13,219.0,Human Error
2022/04/17,fac_b,,13,53.0,
06/07/2022,Factory E,PW-4000,3,283.0,
07/14/2022,Factory E,,10,80.0,Material Defect
2023-11-24,FACTORY D,PW-2000,14,277.0,Human Error
2023-12-07,Factory E,PW-3000,6,94.0,Human Error
02/17/2022,Factory A,PW-3000,10,,material defect
04/04/2022,factory_a,,1,219.0,Machine Malfunction
28-12-2023,Factory A,,1,54.0,Machine Malfunction
01/01/2022,Factory B,Commercial-Pro,14,157.0,
2022/05/12,FACTORY D,PW-2000,13,265.0,material defect
2023/07/03,Factory C,Industrial-X,11,84.0,material defect
24-09-2023,factory_a,Commercial-Pro,5,119.0,Machine Malfunction
2023/06/05,FAC-D,,27,212.0,Assembly Error
2023/11/25,Factory D,,5,63.0,Quality Control Failure
31-05-2022,Factory E,,14,135.0,material defect
2023/01/03,Factory D,PW-2000,31,202.0,
2023/09/08,FAC-B,,2,182.0,Supplier Issue
2023/04/25,FAC-C,PW-4000,37,136.0,Assembly Error
2023/04/02,factory_d,PW-2000,6,,material defect
10/12/2023,Factory B,PW-2000,6,,
2023-05-23,Factory B,PW-2000,11,161.0,Assembly Error
2022-02-10,Factory E,Commercial-Pro,14,165.0,material defect
26-07-2022,Factory C,PW-2000,23,77.0,Supplier Issue
05/24/2022,FACTORY A,Commercial-Pro,7,237.0,material defect
07/27/2022,Factory B,PW-3000,15,282.0,
2023-01-15,Factory B,Commercial-Pro,5,159.0,Supplier Issue
02/20/2023,Factory B,Commercial-Pro,6,277.0,Machine Malfunction
22-08-2022,FACTORY D,PW-4000,18,97.0,
07/16/2023,factory_c,PW-4000,26,178.0,Supplier Issue
2023-01-27,Factory C,Industrial-X,15,261.0,ASSEMBLY ERROR
2022/10/07,Factory D,PW-3000,16,102.0,Machine Malfunction
01/25/2023,factory_d,Commercial-Pro,14,201.0,Machine Malfunction
11/21/2023,Factory D,PW-3000,16,181.0,material defect
2022/01/04,factory_b,,9,183.0,
2022/05/31,Factory B,,10,192.0,material defect
2022/03/06,FAC-B,PW-2000,8,127.0,Assembly Error
06/22/2022,Factory C,PW-3000,33,160.0,Supplier Issue
03/24/2023,Factory C,Commercial-Pro,18,271.0,Supplier Issue
01-08-2023,Factory A,,3,97.0,Human Error
2023/04/02,Factory B,PW-3000,12,225.0,ASSEMBLY ERROR
01/05/2022,factory_e,,15,180.0,material defect
11/23/2023,Factory E,PW-2000,15,239.0,Assembly Error
08-03-2023,Factory C,,20,224.0,Human Error
26-09-2022,Factory E,,5,202.0,Supplier Issue
2022-09-18,factory_a,PW-4000,9,94.0,Human Error
2022/02/26,FAC-A,PW-3000,6,67.0,Human Error
19-05-2022,factory_e,Commercial-Pro,14,119.0,Material Defect
05/30/2023,FAC-B,Industrial-X,12,143.0,Quality Control Failure
2023/12/16,Factory C,PW-2000,19,90.0,
2022/02/06,factory_c,PW-2000,26,89.0,Machine Malfunction
11-03-2022,,Industrial-X,9,89.0,Assembly Error
17-11-2022,Factory D,Industrial-X,7,180.0,ASSEMBLY ERROR
2022-11-04,Factory D,PW-4000,6,169.0,Supplier Issue
2022-12-22,factory_b,Industrial-X,1,132.0,Assembly Error
2023-11-24,Factory B,,,275.0,
2023/01/15,Factory B,PW-4000,2,290.0,material defect
11/21/2022,Factory B,PW-3000,10,158.0,Assembly Error
12/10/2022,FACTORY A,Commercial-Pro,5,81.0,ASSEMBLY ERROR
10-06-2022,Factory D,Commercial-Pro,12,183.0,Quality Control Failure
2022/12/06,FACTORY A,,12,106.0,
2022/03/20,Factory E,PW-2000,2,216.0,Human Error
2022-06-13,FACTORY A,PW-3000,9,72.0,Machine Malfunction
2022/03/28,Factory E,PW-3000,9,298.0,Material Defect
12-11-2022,Factory C,PW-2000,35,293.0,Human Error
2023/07/26,Factory D,,39,268.0,Supplier Issue
05/16/2022,Factory E,PW-3000,3,220.0,Assembly Error
,Factory C,Commercial-Pro,31,108.0,ASSEMBLY ERROR
2023/02/12,FACTORY D,Industrial-X,,181.0,material defect
2022-01-29,factory_c,Commercial-Pro,36,165.0,Machine Malfunction
2022/08/12,Factory D,Industrial-X,38,83.0,Supplier Issue
,Factory B,PW-2000,10,271.0,Quality Control Failure
2022-04-16,Factory E,PW-4000,7,216.0,Material Defect
2022/01/06,factory_a,PW-2000,14,146.0,Material Defect
2022/12/27,Factory E,,1,62.0,Supplier Issue
2023/06/30,FACTORY A,Industrial-X,10,104.0,Quality Control Failure
2022/05/03,factory_d,PW-2000,,56.0,ASSEMBLY ERROR
04/30/2023,Factory C,PW-4000,6,230.0,
19-12-2022,Factory E,PW-4000,6,189.0,Quality Control Failure
,factory_b,Commercial-Pro,13,102.0,Human Error
01/13/2023,FACTORY A,PW-3000,6,,Material Defect
2023/12/27,Factory C,PW-3000,36,167.0,Material Defect
19-12-2023,Factory E,PW-2000,11,107.0,Assembly Error
2022/10/01,FAC-E,Commercial-Pro,3,167.0,material defect
01-08-2022,Factory B,Industrial-X,,,Supplier Issue
27-03-2022,Factory E,PW-3000,3,212.0,Machine Malfunction
15-04-2022,Factory D,,34,154.0,Quality Control Failure
02/02/2022,factory_d,Industrial-X,14,280.0,ASSEMBLY ERROR
2022/05/24,Factory C,PW-4000,32,150.0,Machine Malfunction
2022/08/22,Factory B,PW-4000,4,95.0,ASSEMBLY ERROR
2023/01/03,FAC-E,PW-3000,3,288.0,Material Defect
08-02-2023,fac_b,Commercial-Pro,6,197.0,Human Error
2022-03-27,Factory B,Commercial-Pro,4,60.0,
14-02-2023,factory_e,,11,216.0,Machine Malfunction
17-06-2023,factory_e,Commercial-Pro,13,203.0,
01-04-2023,factory_e,,7,223.0,
2022/09/28,FAC-D,,32,289.0,
16-12-2023,Factory D,PW-4000,32,245.0,ASSEMBLY ERROR
02/01/2022,factory_b,Commercial-Pro,13,53.0,Machine Malfunction
10/12/2023,factory_c,Industrial-X,10,82.0,Assembly Error
01-05-2022,Factory D,PW-4000,11,77.0,ASSEMBLY ERROR
01/28/2022,Factory E,PW-3000,10,176.0,material defect
2023/12/27,factory_d,Commercial-Pro,18,203.0,Machine Malfunction
29-05-2022,Factory E,Commercial-Pro,9,109.0,
10/13/2023,FACTORY D,Industrial-X,31,238.0,Material Defect
2022/04/01,Factory E,,5,73.0,Assembly Error
2022-10-15,Factory C,PW-4000,10,100.0,Material Defect
08-02-2023,Factory C,PW-3000,8,283.0,
,FAC-C,Industrial-X,6,78.0,Machine Malfunction
03/23/2023,Factory E,Commercial-Pro,8,267.0,Assembly Error
22-02-2022,Factory A,PW-2000,9,143.0,material defect
2023-09-18,Factory E,Industrial-X,10,116.0,Material Defect
2023/11/13,Factory C,PW-4000,28,261.0,Assembly Error
31-01-2023,FAC-A,PW-4000,5,122.0,ASSEMBLY ERROR
06/09/2022,Factory D,,38,247.0,material defect
08/31/2022,Factory E,,10,205.0,
07/17/2022,factory_e,,15,292.0,Supplier Issue
03-02-2023,FAC-A,Commercial-Pro,4,248.0,Material Defect
11-03-2022,FAC-E,Industrial-X,7,183.0,material defect
2022/01/02,factory_c,Commercial-Pro,22,252.0,Human Error
2022/12/12,FAC-D,Industrial-X,25,129.0,Assembly Error
04/27/2023,Factory E,Industrial-X,14,262.0,Assembly Error
2023/02/05,FAC-C,PW-3000,28,280.0,ASSEMBLY ERROR
09/05/2023,FAC-C,Industrial-X,38,297.0,Quality Control Failure
2022/08/10,FACTORY D,Commercial-Pro,19,97.0,material defect
2023/08/30,FAC-D,PW-3000,13,188.0,Assembly Error
2023/07/24,Factory B,PW-2000,7,277.0,
2022-01-01,Factory A,PW-2000,9,195.0,ASSEMBLY ERROR
11/18/2022,FAC-E,,11,75.0,
2022/08/11,factory_a,Commercial-Pro,9,164.0,Material Defect
2023-11-24,FAC-C,,6,152.0,Assembly Error
2022/12/26,FAC-E,,7,166.0,Quality Control Failure
01-06-2023,factory_c,PW-2000,12,79.0,Supplier Issue
2023/01/26,factory_e,,6,158.0,Material Defect
25-03-2022,Factory D,PW-3000,20,249.0,Human Error
01-05-2023,Factory C,PW-4000,16,70.0,Machine Malfunction
2022-12-18,FAC-E,PW-3000,15,209.0,
17-11-2022,Factory C,PW-2000,25,166.0,
2023/07/18,FACTORY D,PW-2000,35,186.0,Human Error
2022-08-18,factory_a,PW-3000,15,294.0,ASSEMBLY ERROR
08/22/2022,FAC-E,PW-3000,,54.0,Human Error
30-07-2022,fac_b,Commercial-Pro,,90.0,ASSEMBLY ERROR
2023-11-07,Factory E,Industrial-X,10,297.0,
2022/09/09,Factory D,Commercial-Pro,36,183.0,Human Error
12/17/2022,FAC-D,PW-2000,36,80.0,Material Defect
19-06-2022,factory_a,Industrial-X,5,212.0,material defect
2023-10-16,factory_d,Commercial-Pro,30,93.0,Human Error
06-08-2023,factory_d,,7,297.0,Assembly Error
24-01-2022,factory_c,PW-4000,24,231.0,Quality Control Failure
,factory_d,PW-4000,19,209.0,Human Error
2023/05/13,Factory E,,14,181.0,Assembly Error
02-06-2023,FAC-E,Commercial-Pro,14,220.0,Supplier Issue
2023-02-12,factory_d,Industrial-X,7,94.0,Machine Malfunction
21-07-2022,Factory D,PW-3000,20,71.0,Material Defect
16-02-2022,Factory E,PW-4000,1,233.0,Human Error
08/24/2022,Factory B,PW-3000,14,234.0,Material Defect
2023/03/19,,PW-2000,7,163.0,Quality Control Failure
04/24/2022,Factory D,PW-3000,16,137.0,Supplier Issue
01/16/2022,factory_e,Commercial-Pro,3,121.0,ASSEMBLY ERROR
08/18/2022,factory_c,Industrial-X,38,219.0,Supplier Issue
04-05-2023,Factory E,Commercial-Pro,6,109.0,Supplier Issue
2022/08/27,Factory A,PW-4000,5,137.0,Assembly Error
2022-06-15,Factory C,,7,88.0,Assembly Error
2022-06-20,factory_b,Commercial-Pro,2,117.0,Supplier Issue
2022-08-31,FACTORY D,Industrial-X,20,57.0,
2023/07/02,FAC-B,PW-2000,5,103.0,Human Error
09/10/2023,Factory B,Industrial-X,3,59.0,Quality Control Failure
2023-12-03,Factory B,,8,152.0,ASSEMBLY ERROR
2022/06/10,Factory B,PW-2000,9,61.0,Material Defect
01/09/2023,Factory A,PW-2000,1,234.0,Machine Malfunction
2022-01-22,factory_c,Industrial-X,36,268.0,
20-01-2022,Factory C,,29,75.0,ASSEMBLY ERROR
,Factory D,PW-4000,31,230.0,ASSEMBLY ERROR
01/14/2023,factory_c,Industrial-X,30,63.0,Machine Malfunction
28-07-2023,Factory E,Commercial-Pro,11,274.0,ASSEMBLY ERROR
14-04-2023,FAC-E,PW-3000,11,179.0,ASSEMBLY ERROR
2023/12/08,factory_b,PW-4000,12,204.0,material defect
07-06-2022,Factory E,Commercial-Pro,8,205.0,Material Defect
10/13/2022,Factory C,PW-2000,9,135.0,material defect
11/15/2023,FAC-B,PW-3000,1,261.0,
2023/08/12,,Commercial-Pro,39,298.0,material defect
2022-08-23,Factory C,PW-2000,11,,material defect
08-09-2023,Factory C,Industrial-X,,223.0,Material Defect
06/19/2022,Factory C,PW-3000,20,159.0,Human Error
2023-04-28,Factory A,PW-4000,9,270.0,
03/31/2023,FACTORY A,Commercial-Pro,9,79.0,Human Error
2022/05/26,factory_d,Industrial-X,22,70.0,Machine Malfunction
03/23/2023,,Industrial-X,9,270.0,Material Defect
2022/11/06,Factory A,Industrial-X,15,60.0,ASSEMBLY ERROR
11/10/2023,fac_b,PW-2000,15,143.0,Quality Control Failure
08/09/2023,Factory C,PW-3000,18,221.0,ASSEMBLY ERROR
31-05-2023,FACTORY A,,7,91.0,Material Defect
2023/08/29,Factory B,PW-4000,2,86.0,Assembly Error
2022-10-02,Factory C,Commercial-Pro,31,141.0,Quality Control Failure
2022/07/10,FAC-D,,8,107.0,Assembly Error
2023-12-26,FAC-C,PW-2000,34,129.0,ASSEMBLY ERROR
04/03/2022,Factory E,PW-2000,5,166.0,Human Error
2023/12/04,FAC-D,PW-4000,12,129.0,Supplier Issue
16-10-2022,Factory C,PW-3000,25,297.0,Machine Malfunction
20-06-2022,,PW-3000,8,79.0,Machine Malfunction
2022/09/18,Factory B,PW-2000,15,296.0,
07-06-2023,Factory C,PW-2000,7,290.0,ASSEMBLY ERROR
,Factory E,PW-3000,3,87.0,Human Error
2022-08-11,FAC-C,PW-4000,13,240.0,ASSEMBLY ERROR
08-08-2023,Factory C,,31,90.0,
2023/03/08,,Commercial-Pro,4,277.0,
10-04-2023,Factory B,PW-3000,11,221.0,Supplier Issue
01/21/2022,,Industrial-X,5,198.0,Material Defect
23-03-2022,FACTORY A,,13,214.0,Quality Control Failure
2022-10-29,Factory E,Industrial-X,13,87.0,Machine Malfunction
03-12-2022,Factory E,,15,160.0,Supplier Issue
2022/11/25,factory_c,PW-2000,18,185.0,Human Error
07-11-2022,Factory D,PW-3000,33,163.0,material defect
09/26/2022,Factory C,Commercial-Pro,,76.0,Supplier Issue
2022/10/08,,,,63.0,
2022-08-02,Factory A,PW-2000,12,162.0,Supplier Issue
,Factory E,PW-3000,10,90.0,Quality Control Failure
2022-10-31,FAC-A,Commercial-Pro,12,155.0,ASSEMBLY ERROR
2023/12/14,factory_d,PW-3000,12,252.0,Quality Control Failure
01/15/2022,FACTORY D,Commercial-Pro,,133.0,Human Error
01/14/2023,Factory A,,14,102.0,Human Error
2023/10/17,Factory A,PW-3000,4,55.0,material defect
,Factory D,PW-3000,25,88.0,Human Error
2022-04-06,FAC-E,PW-2000,15,194.0,ASSEMBLY ERROR
07/17/2022,factory_e,Industrial-X,15,223.0,Assembly Error
2022/04/24,Factory E,Commercial-Pro,9,105.0,material defect
2023-05-06,FAC-D,PW-3000,29,160.0,ASSEMBLY ERROR
08-07-2022,Factory D,PW-4000,25,214.0,Quality Control Failure
05-03-2023,FAC-D,PW-2000,40,195.0,Material Defect
02-08-2022,Factory E,,12,59.0,Machine Malfunction
2022/01/31,factory_d,Commercial-Pro,25,102.0,
2022/10/18,FAC-A,,15,62.0,Machine Malfunction
2023-02-18,FAC-D,Commercial-Pro,40,286.0,ASSEMBLY ERROR
2022/07/05,FAC-A,,2,252.0,ASSEMBLY ERROR
12-03-2023,Factory C,PW-3000,9,103.0,
16-07-2023,Factory D,PW-3000,36,,Machine Malfunction
2022/08/26,FAC-A,PW-2000,1,85.0,Human Error
03/17/2023,Factory D,PW-2000,5,143.0,Assembly Error
2023/08/10,Factory A,PW-3000,1,157.0,ASSEMBLY ERROR
2022-04-10,factory_e,PW-4000,13,289.0,Assembly Error
2023/11/23,Factory B,,2,150.0,Quality Control Failure
2023-12-07,fac_b,PW-4000,5,206.0,Supplier Issue
31-12-2023,FAC-E,PW-4000,11,197.0,Quality Control Failure
2023-03-08,Factory A,PW-4000,11,173.0,
01/03/2022,fac_b,Commercial-Pro,7,206.0,material defect
16-08-2022,Factory E,Industrial-X,5,213.0,Human Error
2023/07/27,Factory C,,13,180.0,
2022/04/08,Factory C,PW-3000,40,208.0,ASSEMBLY ERROR
07/25/2022,Factory C,PW-2000,10,220.0,material defect
2023-06-13,FAC-D,PW-4000,25,266.0,Human Error
15-05-2023,fac_b,Industrial-X,,260.0,Machine Malfunction
2023/07/16,factory_b,PW-2000,2,50.0,Material Defect
08/10/2022,Factory D,Industrial-X,31,247.0,Material Defect
03/03/2023,Factory A,PW-2000,13,74.0,Quality Control Failure
09/16/2023,Factory C,Commercial-Pro,29,92.0,Material Defect
2023/06/06,FAC-A,PW-2000,13,149.0,ASSEMBLY ERROR
12/12/2023,factory_e,Industrial-X,4,299.0,material defect
,FAC-A,PW-2000,12,275.0,Material Defect
2022-09-06,factory_b,PW-2000,15,120.0,Material Defect
08/14/2023,FAC-A,Industrial-X,3,241.0,Material Defect
2023-05-21,factory_e,Commercial-Pro,11,139.0,ASSEMBLY ERROR
09-08-2022,Factory C,Industrial-X,24,247.0,Material Defect
2023-08-24,Factory C,PW-4000,25,236.0,Supplier Issue
2022/08/29,factory_a,PW-4000,4,69.0,Assembly Error
04/05/2022,factory_c,,37,195.0,ASSEMBLY ERROR
05-10-2022,Factory B,PW-3000,14,249.0,Human Error
2023/07/18,Factory E,Industrial-X,3,243.0,Material Defect
05/27/2023,Factory A,PW-3000,5,207.0,Machine Malfunction
04/12/2023,Factory C,Commercial-Pro,24,84.0,ASSEMBLY ERROR
16-04-2022,Factory E,,6,248.0,Assembly Error
28-01-2022,FAC-A,,4,124.0,Quality Control Failure
02/24/2023,Factory B,,14,99.0,Human Error
2022-10-19,Factory B,PW-2000,14,219.0,Quality Control Failure
2022-06-27,factory_c,PW-2000,17,294.0,material defect
2023/11/12,Factory B,PW-2000,3,164.0,Assembly Error
06/09/2023,Factory C,PW-2000,28,156.0,Material Defect
13-08-2022,factory_d,Industrial-X,20,153.0,Quality Control Failure
01/17/2022,Factory D,,13,100.0,Material Defect
03/24/2022,Factory C,,,64.0,Machine Malfunction
2023-01-27,Factory B,,3,236.0,Machine Malfunction
2022-10-18,Factory E,Commercial-Pro,8,55.0,Quality Control Failure
2023/11/08,factory_a,Commercial-Pro,10,235.0,Material Defect
21-03-2022,Factory C,PW-2000,21,203.0,material defect
2023/11/06,FAC-A,PW-2000,8,267.0,Supplier Issue
2023/10/30,Factory A,,4,236.0,Human Error
03/05/2022,Factory D,Commercial-Pro,26,263.0,
26-05-2023,factory_e,Commercial-Pro,12,239.0,material defect
20-03-2022,factory_d,PW-2000,9,,Supplier Issue
2023-03-20,factory_c,,9,83.0,Supplier Issue
11/14/2023,FAC-A,PW-3000,12,146.0,Supplier Issue
06/07/2022,FAC-A,PW-2000,1,,Assembly Error
02/26/2023,Factory A,Commercial-Pro,7,188.0,Machine Malfunction
2023-08-29,FACTORY D,Commercial-Pro,11,74.0,material defect
05/24/2023,FAC-C,PW-4000,12,278.0,Quality Control Failure
19-08-2023,fac_b,,11,137.0,Supplier Issue
2022-01-07,factory_b,Commercial-Pro,6,173.0,
2023-12-20,Factory A,PW-3000,2,61.0,Quality Control Failure
27-04-2023,FAC-B,PW-4000,14,60.0,Machine Malfunction
2023/06/04,FAC-E,PW-2000,8,86.0,Assembly Error
09/08/2023,FAC-C,,18,144.0,Machine Malfunction
07/07/2023,Factory E,Commercial-Pro,1,182.0,Quality Control Failure
21-12-2023,Factory B,PW-2000,8,161.0,ASSEMBLY ERROR
2023-03-31,Factory D,Commercial-Pro,12,133.0,Supplier Issue
2022/04/21,Factory C,Commercial-Pro,16,59.0,Supplier Issue
2022/02/08,fac_b,Commercial-Pro,4,210.0,Machine Malfunction
24-11-2023,FAC-B,PW-4000,4,202.0,
12/28/2023,Factory D,Commercial-Pro,19,198.0,Human Error
2023-12-30,Factory E,Commercial-Pro,6,83.0,Human Error
2023/04/04,Factory C,,22,130.0,
29-11-2023,Factory E,Commercial-Pro,4,200.0,
10-08-2023,factory_c,Industrial-X,,240.0,Machine Malfunction
2022/10/12,factory_e,PW-4000,6,177.0,Assembly Error
2022/09/27,,,7,299.0,Quality Control Failure
17-03-2023,Factory B,Industrial-X,6,283.0,Assembly Error
2022-01-06,Factory D,PW-4000,38,189.0,Material Defect
2022-01-05,Factory C,PW-4000,29,54.0,Supplier Issue
2023-09-05,factory_d,PW-2000,19,121.0,
02/01/2022,FAC-D,PW-2000,28,63.0,Machine Malfunction
06/23/2023,Factory B,PW-2000,12,151.0,Machine Malfunction
2022/01/21,fac_b,PW-4000,9,121.0,material defect
2022-05-20,Factory C,PW-3000,20,71.0,Supplier Issue
2023/05/02,Factory C,PW-4000,23,222.0,material defect
2023-11-20,Factory D,,19,130.0,material defect
2023/04/24,Factory E,PW-3000,13,223.0,material defect
17-02-2023,Factory C,Commercial-Pro,7,81.0,Material Defect
11/07/2022,factory_e,PW-2000,12,184.0,material defect
07/22/2022,Factory A,Industrial-X,2,117.0,ASSEMBLY ERROR
20-07-2022,Factory C,,5,108.0,material defect
09-08-2022,factory_a,PW-2000,5,250.0,material defect
29-08-2022,factory_b,PW-4000,7,,Machine Malfunction
05/02/2023,Factory B,Industrial-X,11,214.0,ASSEMBLY ERROR
2023-01-03,Factory D,,31,,Assembly Error
09/08/2022,FAC-C,,38,295.0,Machine Malfunction
2023/03/10,Factory E,Industrial-X,8,271.0,ASSEMBLY ERROR
2022-08-07,,,29,285.0,Human Error
2023/03/09,fac_b,,4,114.0,Human Error
10/17/2023,Factory E,PW-2000,13,236.0,ASSEMBLY ERROR
2022/12/31,Factory C,Commercial-Pro,26,80.0,Supplier Issue
03-10-2022,Factory D,Commercial-Pro,8,,
2023-07-14,FACTORY A,Commercial-Pro,2,89.0,Machine Malfunction
14-01-2023,Factory A,Industrial-X,7,90.0,Machine Malfunction
2022-05-14,Factory D,PW-4000,11,90.0,material defect
06/10/2023,Factory C,PW-4000,11,255.0,Quality Control Failure
10/20/2023,Factory C,Industrial-X,11,103.0,
27-01-2022,factory_b,PW-2000,2,87.0,Material Defect
26-07-2022,factory_d,PW-3000,12,225.0,
06/03/2023,Factory E,Commercial-Pro,9,,Assembly Error
2023-05-16,Factory A,Industrial-X,1,284.0,Machine Malfunction
05/14/2022,fac_b,,8,212.0,Supplier Issue
09-07-2023,FAC-B,Industrial-X,2,191.0,Supplier Issue
01/07/2022,FACTORY A,,3,209.0,Supplier Issue
11/04/2023,Factory D,,22,97.0,ASSEMBLY ERROR
2023-07-05,Factory B,Industrial-X,2,222.0,Human Error
08-03-2023,Factory C,,20,224.0,Human Error
05-05-2022,Factory D,PW-4000,39,151.0,Human Error
02/08/2022,FAC-D,PW-3000,10,244.0,
12/03/2022,,PW-3000,31,,ASSEMBLY ERROR
2022-08-11,factory_d,Industrial-X,28,151.0,ASSEMBLY ERROR
2023/04/24,Factory A,Commercial-Pro,11,76.0,ASSEMBLY ERROR
04/02/2023,Factory C,PW-2000,5,254.0,ASSEMBLY ERROR
2022-11-14,Factory C,Industrial-X,17,257.0,Assembly Error
03/19/2023,Factory E,,15,228.0,Machine Malfunction
2022/09/26,factory_e,,6,287.0,
2023/03/22,Factory E,PW-3000,13,196.0,Assembly Error
05/29/2022,Factory B,,3,254.0,Assembly Error
05-02-2022,fac_b,PW-2000,12,133.0,Assembly Error
28-12-2022,FACTORY A,PW-4000,3,52.0,ASSEMBLY ERROR
19-09-2023,factory_a,Commercial-Pro,1,69.0,Human Error
2023-10-27,Factory C,,14,102.0,Machine Malfunction
2023/12/24,factory_a,,4,163.0,Human Error
2022-07-06,Factory B,Industrial-X,6,141.0,Machine Malfunction
29-12-2023,Factory C,Commercial-Pro,19,252.0,ASSEMBLY ERROR
,FACTORY D,Commercial-Pro,33,147.0,ASSEMBLY ERROR
2022-11-24,Factory D,PW-2000,35,77.0,Material Defect
01/18/2023,Factory E,PW-4000,14,207.0,Quality Control Failure
02-06-2022,Factory C,PW-4000,20,88.0,Human Error
2022-12-11,Factory D,,5,292.0,material defect
10/31/2023,Factory C,,34,88.0,Supplier Issue
30-10-2022,factory_a,PW-2000,7,77.0,Material Defect
04-12-2022,Factory A,Industrial-X,8,191.0,ASSEMBLY ERROR
2023-03-17,Factory C,PW-4000,26,271.0,Material Defect
2023/12/22,Factory E,,15,127.0,Supplier Issue
18-06-2023,FAC-B,Industrial-X,13,236.0,ASSEMBLY ERROR
11/11/2022,Factory C,Commercial-Pro,15,136.0,ASSEMBLY ERROR
2023-06-29,Factory C,PW-3000,18,100.0,Quality Control Failure
02-02-2022,FACTORY D,Industrial-X,31,84.0,Assembly Error
11/13/2023,FAC-B,PW-2000,5,194.0,Assembly Error
07/20/2022,,PW-4000,12,246.0,Quality Control Failure
,factory_e,PW-3000,3,176.0,Assembly Error
15-02-2022,Factory D,Commercial-Pro,35,255.0,Supplier Issue
03/06/2023,FAC-C,PW-2000,9,205.0,Quality Control Failure
08/18/2022,factory_d,PW-2000,24,133.0,Supplier Issue
27-04-2023,Factory B,PW-2000,4,,Machine Malfunction
2022-09-14,FACTORY D,Commercial-Pro,9,168.0,Assembly Error
26-01-2023,FAC-A,PW-4000,6,205.0,Supplier Issue
09/29/2022,factory_d,PW-4000,26,56.0,Machine Malfunction
2022-03-10,Factory C,PW-3000,16,73.0,Material Defect
26-03-2022,Factory A,Industrial-X,3,68.0,Human Error
2023/05/01,Factory E,Industrial-X,7,237.0,Assembly Error
2022/09/10,Factory E,PW-2000,7,195.0,Material Defect
07/26/2023,Factory C,Industrial-X,17,173.0,Quality Control Failure
2022/04/21,Factory C,Commercial-Pro,16,59.0,Supplier Issue
2023-05-11,Factory A,PW-2000,11,248.0,Human Error
27-05-2023,Factory A,Industrial-X,7,195.0,Material Defect
2022-12-14,FACTORY A,Industrial-X,4,178.0,material defect
04-02-2023,factory_c,PW-2000,15,144.0,material defect
10/06/2022,Factory B,PW-4000,7,274.0,Quality Control Failure
28-03-2023,factory_d,PW-3000,23,,Assembly Error
18-01-2023,Factory C,Commercial-Pro,22,71.0,Material Defect
11/12/2022,Factory C,PW-2000,33,139.0,Material Defect
19-11-2023,FAC-A,Industrial-X,10,168.0,Quality Control Failure
2023/01/25,FACTORY D,PW-2000,12,285.0,Material Defect
2023/09/29,FAC-A,PW-2000,8,,ASSEMBLY ERROR
09/22/2022,Factory E,Industrial-X,11,216.0,material defect
2023-04-22,Factory B,Industrial-X,1,218.0,Material Defect
2022-10-09,Factory B,PW-3000,1,174.0,Human Error
21-09-2022,factory_c,Industrial-X,12,231.0,Assembly Error
29-06-2022,factory_b,Commercial-Pro,9,89.0,material defect
10/21/2023,Factory B,PW-2000,7,65.0,material defect
2022-10-10,FAC-C,Industrial-X,,92.0,Machine Malfunction
15-11-2023,Factory D,Industrial-X,33,242.0,Quality Control Failure
2022/09/22,Factory A,PW-2000,10,190.0,Human Error
2023/11/14,Factory E,PW-3000,6,56.0,Machine Malfunction
05/17/2022,Factory D,PW-3000,6,193.0,material defect
27-07-2022,FAC-B,Industrial-X,15,283.0,Assembly Error
2022/05/31,factory_c,,16,165.0,Assembly Error
05/08/2023,factory_d,,22,88.0,Machine Malfunction
09/28/2023,factory_d,Industrial-X,9,295.0,material defect
10-12-2023,FAC-D,Commercial-Pro,34,117.0,Material Defect
03-12-2022,Factory D,PW-4000,28,169.0,
2023-03-31,,Industrial-X,17,90.0,Supplier Issue
30-01-2022,,PW-3000,3,287.0,material defect
01/25/2022,Factory C,Industrial-X,23,210.0,ASSEMBLY ERROR
27-08-2022,Factory C,,26,103.0,Human Error
2022-09-25,factory_a,Industrial-X,,80.0,Material Defect
28-11-2022,FAC-C,Industrial-X,23,,Machine Malfunction
02-12-2022,FACTORY D,Commercial-Pro,29,126.0,Machine Malfunction
2023-05-25,FAC-B,,15,193.0,Machine Malfunction
10/14/2022,,Commercial-Pro,14,256.0,Supplier Issue
2022/11/11,Factory B,PW-4000,5,52.0,
03/19/2023,Factory C,Commercial-Pro,27,124.0,Machine Malfunction
2022-04-16,Factory E,PW-2000,1,157.0,Material Defect
2022/10/16,Factory E,Industrial-X,1,261.0,Human Error
2023/02/04,Factory C,PW-4000,34,102.0,Human Error
06/17/2022,FAC-C,Commercial-Pro,32,250.0,material defect
08/04/2023,Factory C,Commercial-Pro,15,129.0,ASSEMBLY ERROR
2022-08-29,,PW-3000,17,244.0,
2023-08-19,FAC-B,PW-4000,5,195.0,Machine Malfunction
22-05-2023,FAC-A,,6,99.0,Machine Malfunction
07-07-2022,FAC-B,Industrial-X,9,114.0,Machine Malfunction
2023-03-01,Factory D,PW-4000,23,284.0,ASSEMBLY ERROR
10/21/2023,Factory C,Commercial-Pro,40,270.0,Supplier Issue
07/29/2022,Factory C,Commercial-Pro,33,52.0,material defect
08/28/2022,FAC-E,,11,66.0,material defect
2023/12/10,factory_d,PW-3000,30,,Supplier Issue
2022/03/23,Factory C,Commercial-Pro,35,72.0,Human Error
18-04-2023,factory_d,PW-4000,14,181.0,Material Defect
09/11/2023,Factory E,,6,83.0,Quality Control Failure
2022/10/08,FAC-C,PW-2000,29,117.0,Quality Control Failure
24-12-2022,FAC-B,,7,294.0,
2023/02/13,FACTORY D,PW-2000,36,63.0,Material Defect
10/22/2022,Factory D,PW-2000,,190.0,Quality Control Failure
19-02-2023,FAC-B,Commercial-Pro,14,248.0,Assembly Error
2023/09/05,factory_b,PW-4000,5,135.0,material defect
11/09/2023,Factory E,Commercial-Pro,4,86.0,material defect
26-03-2022,Factory A,Industrial-X,3,68.0,Human Error
2022-02-21,Factory C,PW-4000,20,133.0,Quality Control Failure
07-08-2022,Factory E,,7,277.0,Assembly Error
06-01-2023,Factory B,PW-4000,15,121.0,Material Defect
,Factory A,Industrial-X,1,93.0,
2023/01/03,FAC-E,PW-3000,3,288.0,Material Defect
2023-07-03,factory_c,,22,207.0,Supplier Issue
2022/08/23,Factory D,PW-3000,23,207.0,Machine Malfunction
2022-12-05,Factory E,PW-3000,9,96.0,Material Defect
2023-06-09,Factory C,PW-4000,6,230.0,
28-03-2022,FAC-C,Industrial-X,26,265.0,Assembly Error
2023-09-16,Factory E,PW-2000,10,58.0,
2023/08/30,Factory A,Industrial-X,11,78.0,Machine Malfunction
03-02-2022,Factory E,Commercial-Pro,5,227.0,Quality Control Failure
09/18/2022,Factory A,,14,176.0,Human Error
2022-06-11,Factory C,PW-2000,16,174.0,Human Error
22-12-2022,factory_b,,9,144.0,Machine Malfunction
24-02-2022,Factory C,Commercial-Pro,13,,Machine Malfunction
16-05-2022,Factory D,PW-3000,23,112.0,Quality Control Failure
29-11-2022,FAC-E,PW-2000,1,152.0,Material Defect
2023/10/02,Factory D,PW-3000,8,245.0,Human Error
02/10/2022,factory_e,Commercial-Pro,12,100.0,Assembly Error
25-08-2022,factory_b,Commercial-Pro,7,59.0,Assembly Error
09/09/2023,Factory E,PW-4000,14,141.0,Supplier Issue
2023-03-10,Factory D,PW-3000,35,238.0,Human Error
2022-08-30,factory_c,,,133.0,Material Defect
2022-04-05,FACTORY A,PW-3000,15,145.0,Quality Control Failure
08/16/2022,Factory E,PW-4000,3,265.0,Assembly Error
2022/05/01,factory_b,PW-2000,3,92.0,material defect
,Factory A,PW-3000,15,250.0,Supplier Issue
2023/05/19,Factory E,PW-2000,2,266.0,ASSEMBLY ERROR
07/29/2023,FAC-B,PW-3000,6,273.0,Supplier Issue
2022-07-14,Factory D,PW-4000,24,237.0,Supplier Issue
,Factory D,PW-3000,25,186.0,Supplier Issue
2023-08-31,Factory A,,1,77.0,Human Error
29-03-2022,FACTORY D,Commercial-Pro,39,120.0,Machine Malfunction
2022-04-26,FAC-B,PW-4000,6,103.0,material defect
24-01-2023,Factory E,Industrial-X,14,247.0,Quality Control Failure
2022/12/07,Factory A,PW-4000,3,169.0,Assembly Error
2022/12/09,Factory C,,38,163.0,Assembly Error
24-05-2023,FACTORY D,Industrial-X,21,51.0,Material Defect
2023-11-13,FACTORY A,PW-2000,4,63.0,Machine Malfunction
2023-02-15,Factory E,,3,284.0,ASSEMBLY ERROR
05/23/2022,FACTORY D,,31,158.0,Supplier Issue
2022/12/18,Factory C,PW-3000,28,299.0,Assembly Error
2022-10-18,Factory A,,3,214.0,Quality Control Failure
,Factory D,PW-4000,30,245.0,Supplier Issue
14-03-2023,Factory C,PW-4000,31,173.0,Supplier Issue
2022/05/16,,,14,87.0,Machine Malfunction
2023/03/25,Factory A,,12,59.0,Machine Malfunction
2022/07/07,fac_b,PW-2000,12,,Material Defect
2023/05/19,FACTORY D,,40,81.0,Supplier Issue
11/23/2022,factory_c,,37,134.0,Quality Control Failure
14-03-2023,Factory A,Industrial-X,5,60.0,
07-12-2023,FAC-A,Commercial-Pro,10,263.0,Human Error
2023-05-14,Factory D,Industrial-X,33,190.0,
06-11-2022,Factory D,,24,251.0,Assembly Error
20-06-2023,Factory C,PW-3000,24,203.0,Material Defect
2022-08-29,Factory B,,8,69.0,Machine Malfunction
2022/06/25,FAC-C,PW-4000,28,293.0,Material Defect
14-12-2022,FAC-D,Industrial-X,6,150.0,material defect
02/24/2023,Factory D,Industrial-X,,178.0,material defect
21-02-2023,Factory D,PW-2000,40,114.0,Material Defect
2022-06-30,fac_b,PW-2000,1,145.0,Assembly Error
2022/12/07,FAC-E,Commercial-Pro,15,56.0,Material Defect
,factory_b,PW-3000,8,248.0,Machine Malfunction
16-03-2023,Factory E,,6,149.0,
2023/04/02,factory_d,PW-2000,6,,material defect
2023-10-10,FAC-A,Industrial-X,10,141.0,Assembly Error
2022/01/10,,,6,284.0,ASSEMBLY ERROR
03/27/2023,Factory B,,10,214.0,Supplier Issue
2023/12/11,Factory E,PW-3000,1,195.0,
21-09-2022,FACTORY A,PW-2000,9,121.0,Human Error
2022/09/06,factory_e,Commercial-Pro,8,200.0,Machine Malfunction
2023/01/06,Factory A,Commercial-Pro,8,111.0,Human Error
04/28/2023,factory_b,,14,246.0,Human Error
09/07/2023,factory_a,Industrial-X,3,111.0,Supplier Issue
22-03-2022,Factory B,PW-4000,2,285.0,
01/05/2023,factory_d,Commercial-Pro,38,264.0,Human Error
07/28/2023,fac_b,Industrial-X,14,139.0,Quality Control Failure
2023/03/18,FACTORY A,PW-2000,4,55.0,material defect
06/23/2023,Factory B,PW-2000,12,151.0,Machine Malfunction
21-11-2023,FAC-E,PW-3000,10,171.0,Human Error
2023-02-28,Factory B,PW-4000,8,285.0,ASSEMBLY ERROR
2023-06-02,fac_b,PW-3000,15,155.0,Assembly Error
2023/07/11,FAC-E,Industrial-X,2,226.0,ASSEMBLY ERROR
2022-06-19,Factory B,PW-3000,13,82.0,material defect
2022/01/03,Factory E,PW-4000,12,281.0,Human Error
